<?xml version="1.0"?>
<?xml-stylesheet type="text/xsl" href="apc_ddf_1_6.xsl"?>
<APC_DDF
	xmlns:xsi="http://www.w3.org/2001/XMLSchema-instance"
	xsi:noNamespaceSchemaLocation="http://localhost/ddf_schema/apc_ddf_1_6.xsd"
	ddfid="racktivity_acs08-03"
	ddfname="Racktivity ACS08-03"
	ddfversion="1"
	canremove="yes">
	<schemaVersion>1.6</schemaVersion>
	<device deviceid="racktivity_acs08-03">
		<suppressRule ruleid="suppresscorevendordata" suppressid="core/mib2data/vendordata"/>
		<suppressRule ruleid="suppresscoremodeldata" suppressid="core/mib2data/modeldata"/>
		<suppressRule ruleid="suppresscoretypedata" suppressid="core/mib2data/typedata"/>

		<setProductData ruleid="vendordata" field="vendor">Racktivity</setProductData>
		<setProductData ruleid="modeldata" field="model">ACS08-03</setProductData>
		<setProductData ruleid="typedata" field="type">Power Meter</setProductData>

		<oidMustExist ruleid="racktivity_acs08-03" oid=".1.3.6.1.4.1.34097" istree="yes"/>

		<numSensor ruleid="voltageL1">
			<type>voltage</type>
			<sensorId>VOLTAGE_L1</sensorId>
			<value>
				<div>
				<op><getOid>.1.3.6.1.4.1.34097.9.80.1.1.4.1.0</getOid></op>
				<op>100</op>
				</div>
			</value>
			<valueInc>0.01</valueInc>
			<label>Voltage L1</label>
			<sensorSet></sensorSet>
		</numSensor>
		<numSensor ruleid="voltageL2">
			<type>voltage</type>
			<sensorId>VOLTAGE_L2</sensorId>
			<value>
				<div>
				<op><getOid>.1.3.6.1.4.1.34097.9.80.1.1.4.1.1</getOid></op>
				<op>100</op>
				</div>
			</value>
			<valueInc>0.01</valueInc>
			<label>Voltage L2</label>
			<sensorSet></sensorSet>
		</numSensor>
		<numSensor ruleid="voltageL3">
			<type>voltage</type>
			<sensorId>VOLTAGE_L1</sensorId>
			<value>
				<div>
				<op><getOid>.1.3.6.1.4.1.34097.9.80.1.1.4.1.2</getOid></op>
				<op>100</op>
				</div>
			</value>
			<valueInc>0.01</valueInc>
			<label>Voltage L3</label>
			<sensorSet></sensorSet>
		</numSensor>
		<numSensor ruleid="frequency">
			<type>frequency</type>
			<sensorId>FREQUENCY</sensorId>
			<value>
				<div>
				<op><getOid>.1.3.6.1.4.1.34097.9.80.1.1.5.1.0</getOid></op>
				<op>1000</op>
				</div>
			</value>
			<valueInc>0.001</valueInc>
			<label>Frequency</label>
			<sensorSet></sensorSet>
		</numSensor>
		<numSensor ruleid="temperature">
			<type>temp</type>
			<sensorId>TEMPERATURE</sensorId>
			<value>
				<div>
				<op><getOid>.1.3.6.1.4.1.34097.9.77.1.1.11.1.0</getOid></op>
				<op>10</op>
				</div>
			</value>
			<valueInc>0.1</valueInc>
			<label>Temperature</label>
			<sensorSet></sensorSet>
		</numSensor>
		<numSensor ruleid="activeEnergyCS1">
			<type>num/kwatthr</type>
			<sensorId>ACTIVE_ENERGY_CS1</sensorId>
			<value>
				<div>
				<op><getOid>.1.3.6.1.4.1.34097.9.80.1.1.9.1.0</getOid></op>
				<op>1000</op>
				</div>
			</value>
			<valueInc>0.001</valueInc>
			<label>Active Energy CS1</label>
			<sensorSet></sensorSet>
		</numSensor>
		<numSensor ruleid="activeEnergyCS2">
			<type>num/kwatthr</type>
			<sensorId>ACTIVE_ENERGY_CS2</sensorId>
			<value>
				<div>
				<op><getOid>.1.3.6.1.4.1.34097.9.80.1.1.9.1.1</getOid></op>
				<op>1000</op>
				</div>
			</value>
			<valueInc>0.001</valueInc>
			<label>Active Energy CS2</label>
			<sensorSet></sensorSet>
		</numSensor>
		<numSensor ruleid="activeEnergyCS3">
			<type>num/kwatthr</type>
			<sensorId>ACTIVE_ENERGY_CS3</sensorId>
			<value>
				<div>
				<op><getOid>.1.3.6.1.4.1.34097.9.80.1.1.9.1.2</getOid></op>
				<op>1000</op>
				</div>
			</value>
			<valueInc>0.001</valueInc>
			<label>Active Energy CS3</label>
			<sensorSet></sensorSet>
		</numSensor>
		<numSensor ruleid="activeEnergyCS4">
			<type>num/kwatthr</type>
			<sensorId>ACTIVE_ENERGY_CS4</sensorId>
			<value>
				<div>
				<op><getOid>.1.3.6.1.4.1.34097.9.80.1.1.9.1.3</getOid></op>
				<op>1000</op>
				</div>
			</value>
			<valueInc>0.001</valueInc>
			<label>Active Energy CS4</label>
			<sensorSet></sensorSet>
		</numSensor>
		<numSensor ruleid="activeEnergyCS5">
			<type>num/kwatthr</type>
			<sensorId>ACTIVE_ENERGY_CS5</sensorId>
			<value>
				<div>
				<op><getOid>.1.3.6.1.4.1.34097.9.80.1.1.9.1.4</getOid></op>
				<op>1000</op>
				</div>
			</value>
			<valueInc>0.001</valueInc>
			<label>Active Energy CS5</label>
			<sensorSet></sensorSet>
		</numSensor>
		<numSensor ruleid="activeEnergyCS6">
			<type>num/kwatthr</type>
			<sensorId>ACTIVE_ENERGY_CS6</sensorId>
			<value>
				<div>
				<op><getOid>.1.3.6.1.4.1.34097.9.80.1.1.9.1.5</getOid></op>
				<op>1000</op>
				</div>
			</value>
			<valueInc>0.001</valueInc>
			<label>Active Energy CS6</label>
			<sensorSet></sensorSet>
		</numSensor>
		<numSensor ruleid="activeEnergyCS7">
			<type>num/kwatthr</type>
			<sensorId>ACTIVE_ENERGY_CS7</sensorId>
			<value>
				<div>
				<op><getOid>.1.3.6.1.4.1.34097.9.80.1.1.9.1.6</getOid></op>
				<op>1000</op>
				</div>
			</value>
			<valueInc>0.001</valueInc>
			<label>Active Energy CS7</label>
			<sensorSet></sensorSet>
		</numSensor>
		<numSensor ruleid="activeEnergyCS8">
			<type>num/kwatthr</type>
			<sensorId>ACTIVE_ENERGY_CS8</sensorId>
			<value>
				<div>
				<op><getOid>.1.3.6.1.4.1.34097.9.80.1.1.9.1.7</getOid></op>
				<op>1000</op>
				</div>
			</value>
			<valueInc>0.001</valueInc>
			<label>Active Energy CS8</label>
			<sensorSet></sensorSet>
		</numSensor>
		<numSensor ruleid="apparentEnergyCS1">
			<type>num/kVAhr</type>
			<sensorId>APPARENT_ENERGY_CS1</sensorId>
			<value>
				<div>
				<op><getOid>.1.3.6.1.4.1.34097.9.80.1.1.10.1.0</getOid></op>
				<op>1000</op>
				</div>
			</value>
			<valueInc>0.001</valueInc>
			<label>Apparent Energy CS1</label>
			<sensorSet></sensorSet>
		</numSensor>
		<numSensor ruleid="apparentEnergyCS2">
			<type>num/kVAhr</type>
			<sensorId>APPARENT_ENERGY_CS2</sensorId>
			<value>
				<div>
				<op><getOid>.1.3.6.1.4.1.34097.9.80.1.1.10.1.1</getOid></op>
				<op>1000</op>
				</div>
			</value>
			<valueInc>0.001</valueInc>
			<label>Apparent Energy CS2</label>
			<sensorSet></sensorSet>
		</numSensor>
		<numSensor ruleid="apparentEnergyCS3">
			<type>num/kVAhr</type>
			<sensorId>APPARENT_ENERGY_CS3</sensorId>
			<value>
				<div>
				<op><getOid>.1.3.6.1.4.1.34097.9.80.1.1.10.1.2</getOid></op>
				<op>1000</op>
				</div>
			</value>
			<valueInc>0.001</valueInc>
			<label>Apparent Energy CS3</label>
			<sensorSet></sensorSet>
		</numSensor>
		<numSensor ruleid="apparentEnergyCS4">
			<type>num/kVAhr</type>
			<sensorId>APPARENT_ENERGY_CS4</sensorId>
			<value>
				<div>
				<op><getOid>.1.3.6.1.4.1.34097.9.80.1.1.10.1.3</getOid></op>
				<op>1000</op>
				</div>
			</value>
			<valueInc>0.001</valueInc>
			<label>Apparent Energy CS4</label>
			<sensorSet></sensorSet>
		</numSensor>
		<numSensor ruleid="apparentEnergyCS5">
			<type>num/kVAhr</type>
			<sensorId>APPARENT_ENERGY_CS5</sensorId>
			<value>
				<div>
				<op><getOid>.1.3.6.1.4.1.34097.9.80.1.1.10.1.4</getOid></op>
				<op>1000</op>
				</div>
			</value>
			<valueInc>0.001</valueInc>
			<label>Apparent Energy CS5</label>
			<sensorSet></sensorSet>
		</numSensor>
		<numSensor ruleid="apparentEnergyCS6">
			<type>num/kVAhr</type>
			<sensorId>APPARENT_ENERGY_CS6</sensorId>
			<value>
				<div>
				<op><getOid>.1.3.6.1.4.1.34097.9.80.1.1.10.1.5</getOid></op>
				<op>1000</op>
				</div>
			</value>
			<valueInc>0.001</valueInc>
			<label>Apparent Energy CS6</label>
			<sensorSet></sensorSet>
		</numSensor>
		<numSensor ruleid="apparentEnergyCS7">
			<type>num/kVAhr</type>
			<sensorId>APPARENT_ENERGY_CS7</sensorId>
			<value>
				<div>
				<op><getOid>.1.3.6.1.4.1.34097.9.80.1.1.10.1.6</getOid></op>
				<op>1000</op>
				</div>
			</value>
			<valueInc>0.001</valueInc>
			<label>Apparent Energy CS7</label>
			<sensorSet></sensorSet>
		</numSensor>
		<numSensor ruleid="apparentEnergyCS8">
			<type>num/kVAhr</type>
			<sensorId>APPARENT_ENERGY_CS8</sensorId>
			<value>
				<div>
				<op><getOid>.1.3.6.1.4.1.34097.9.80.1.1.10.1.7</getOid></op>
				<op>1000</op>
				</div>
			</value>
			<valueInc>0.001</valueInc>
			<label>Apparent Energy CS8</label>
			<sensorSet></sensorSet>
		</numSensor>
		<numSensor ruleid="powerFactorCS1">
			<type>num</type>
            <units>percent</units>
			<sensorId>POWER_FACTOR_CS1</sensorId>
			<value>
				<div>
				<op><getOid>.1.3.6.1.4.1.34097.9.80.1.1.16.1.0</getOid></op>
				<op>1</op>
				</div>
			</value>
			<valueInc></valueInc>
			<label>Power Factor CS1</label>
			<sensorSet></sensorSet>
		</numSensor>
		<numSensor ruleid="powerFactorCS2">
			<type>num</type>
            <units>percent</units>
			<sensorId>POWER_FACTOR_CS2</sensorId>
			<value>
				<div>
				<op><getOid>.1.3.6.1.4.1.34097.9.80.1.1.16.1.1</getOid></op>
				<op>1</op>
				</div>
			</value>
			<valueInc></valueInc>
			<label>Power Factor CS2</label>
			<sensorSet></sensorSet>
		</numSensor>
		<numSensor ruleid="powerFactorCS3">
			<type>num</type>
            <units>percent</units>
			<sensorId>POWER_FACTOR_CS3</sensorId>
			<value>
				<div>
				<op><getOid>.1.3.6.1.4.1.34097.9.80.1.1.16.1.2</getOid></op>
				<op>1</op>
				</div>
			</value>
			<valueInc></valueInc>
			<label>Power Factor CS3</label>
			<sensorSet></sensorSet>
		</numSensor>
		<numSensor ruleid="powerFactorCS4">
			<type>num</type>
            <units>percent</units>
			<sensorId>POWER_FACTOR_CS4</sensorId>
			<value>
				<div>
				<op><getOid>.1.3.6.1.4.1.34097.9.80.1.1.16.1.3</getOid></op>
				<op>1</op>
				</div>
			</value>
			<valueInc></valueInc>
			<label>Power Factor CS4</label>
			<sensorSet></sensorSet>
		</numSensor>
		<numSensor ruleid="powerFactorCS5">
			<type>num</type>
            <units>percent</units>
			<sensorId>POWER_FACTOR_CS5</sensorId>
			<value>
				<div>
				<op><getOid>.1.3.6.1.4.1.34097.9.80.1.1.16.1.4</getOid></op>
				<op>1</op>
				</div>
			</value>
			<valueInc></valueInc>
			<label>Power Factor CS5</label>
			<sensorSet></sensorSet>
		</numSensor>
		<numSensor ruleid="powerFactorCS6">
			<type>num</type>
            <units>percent</units>
			<sensorId>POWER_FACTOR_CS6</sensorId>
			<value>
				<div>
				<op><getOid>.1.3.6.1.4.1.34097.9.80.1.1.16.1.5</getOid></op>
				<op>1</op>
				</div>
			</value>
			<valueInc></valueInc>
			<label>Power Factor CS6</label>
			<sensorSet></sensorSet>
		</numSensor>
		<numSensor ruleid="powerFactorCS7">
			<type>num</type>
            <units>percent</units>
			<sensorId>POWER_FACTOR_CS7</sensorId>
			<value>
				<div>
				<op><getOid>.1.3.6.1.4.1.34097.9.80.1.1.16.1.6</getOid></op>
				<op>1</op>
				</div>
			</value>
			<valueInc></valueInc>
			<label>Power Factor CS7</label>
			<sensorSet></sensorSet>
		</numSensor>
		<numSensor ruleid="powerFactorCS8">
			<type>num</type>
            <units>percent</units>
			<sensorId>POWER_FACTOR_CS8</sensorId>
			<value>
				<div>
				<op><getOid>.1.3.6.1.4.1.34097.9.80.1.1.16.1.7</getOid></op>
				<op>1</op>
				</div>
			</value>
			<valueInc></valueInc>
			<label>Power Factor CS8</label>
			<sensorSet></sensorSet>
		</numSensor>
		<numSensor ruleid="bigCurrentCS1">
			<type>amperage</type>
			<sensorId>BIG_CURRENT_CS1</sensorId>
			<value>
				<div>
				<op><getOid>.1.3.6.1.4.1.34097.9.80.1.1.52.1.0</getOid></op>
				<op>10000</op>
				</div>
			</value>
			<valueInc>0.0001</valueInc>
			<label>Big Current CS1</label>
			<sensorSet></sensorSet>
		</numSensor>
		<numSensor ruleid="bigCurrentCS2">
			<type>amperage</type>
			<sensorId>BIG_CURRENT_CS2</sensorId>
			<value>
				<div>
				<op><getOid>.1.3.6.1.4.1.34097.9.80.1.1.52.1.1</getOid></op>
				<op>10000</op>
				</div>
			</value>
			<valueInc>0.0001</valueInc>
			<label>Big Current CS2</label>
			<sensorSet></sensorSet>
		</numSensor>
		<numSensor ruleid="bigCurrentCS3">
			<type>amperage</type>
			<sensorId>BIG_CURRENT_CS3</sensorId>
			<value>
				<div>
				<op><getOid>.1.3.6.1.4.1.34097.9.80.1.1.52.1.2</getOid></op>
				<op>10000</op>
				</div>
			</value>
			<valueInc>0.0001</valueInc>
			<label>Big Current CS3</label>
			<sensorSet></sensorSet>
		</numSensor>
		<numSensor ruleid="bigCurrentCS4">
			<type>amperage</type>
			<sensorId>BIG_CURRENT_CS4</sensorId>
			<value>
				<div>
				<op><getOid>.1.3.6.1.4.1.34097.9.80.1.1.52.1.3</getOid></op>
				<op>10000</op>
				</div>
			</value>
			<valueInc>0.0001</valueInc>
			<label>Big Current CS4</label>
			<sensorSet></sensorSet>
		</numSensor>
		<numSensor ruleid="bigCurrentCS5">
			<type>amperage</type>
			<sensorId>BIG_CURRENT_CS5</sensorId>
			<value>
				<div>
				<op><getOid>.1.3.6.1.4.1.34097.9.80.1.1.52.1.4</getOid></op>
				<op>10000</op>
				</div>
			</value>
			<valueInc>0.0001</valueInc>
			<label>Big Current CS5</label>
			<sensorSet></sensorSet>
		</numSensor>
		<numSensor ruleid="bigCurrentCS6">
			<type>amperage</type>
			<sensorId>BIG_CURRENT_CS6</sensorId>
			<value>
				<div>
				<op><getOid>.1.3.6.1.4.1.34097.9.80.1.1.52.1.5</getOid></op>
				<op>10000</op>
				</div>
			</value>
			<valueInc>0.0001</valueInc>
			<label>Big Current CS6</label>
			<sensorSet></sensorSet>
		</numSensor>
		<numSensor ruleid="bigCurrentCS7">
			<type>amperage</type>
			<sensorId>BIG_CURRENT_CS7</sensorId>
			<value>
				<div>
				<op><getOid>.1.3.6.1.4.1.34097.9.80.1.1.52.1.6</getOid></op>
				<op>10000</op>
				</div>
			</value>
			<valueInc>0.0001</valueInc>
			<label>Big Current CS7</label>
			<sensorSet></sensorSet>
		</numSensor>
		<numSensor ruleid="bigCurrentCS8">
			<type>amperage</type>
			<sensorId>BIG_CURRENT_CS8</sensorId>
			<value>
				<div>
				<op><getOid>.1.3.6.1.4.1.34097.9.80.1.1.52.1.7</getOid></op>
				<op>10000</op>
				</div>
			</value>
			<valueInc>0.0001</valueInc>
			<label>Big Current CS8</label>
			<sensorSet></sensorSet>
		</numSensor>
		<numSensor ruleid="bigPowerCS1">
			<type>powerW</type>
			<sensorId>BIG_POWER_CS1</sensorId>
			<value>
				<div>
				<op><getOid>.1.3.6.1.4.1.34097.9.80.1.1.53.1.0</getOid></op>
				<op>1000</op>
				</div>
			</value>
			<valueInc>0.001</valueInc>
			<label>Big Power CS1</label>
			<sensorSet></sensorSet>
		</numSensor>
		<numSensor ruleid="bigPowerCS2">
			<type>powerW</type>
			<sensorId>BIG_POWER_CS2</sensorId>
			<value>
				<div>
				<op><getOid>.1.3.6.1.4.1.34097.9.80.1.1.53.1.1</getOid></op>
				<op>1000</op>
				</div>
			</value>
			<valueInc>0.001</valueInc>
			<label>Big Power CS2</label>
			<sensorSet></sensorSet>
		</numSensor>
		<numSensor ruleid="bigPowerCS3">
			<type>powerW</type>
			<sensorId>BIG_POWER_CS3</sensorId>
			<value>
				<div>
				<op><getOid>.1.3.6.1.4.1.34097.9.80.1.1.53.1.2</getOid></op>
				<op>1000</op>
				</div>
			</value>
			<valueInc>0.001</valueInc>
			<label>Big Power CS3</label>
			<sensorSet></sensorSet>
		</numSensor>
		<numSensor ruleid="bigPowerCS4">
			<type>powerW</type>
			<sensorId>BIG_POWER_CS4</sensorId>
			<value>
				<div>
				<op><getOid>.1.3.6.1.4.1.34097.9.80.1.1.53.1.3</getOid></op>
				<op>1000</op>
				</div>
			</value>
			<valueInc>0.001</valueInc>
			<label>Big Power CS4</label>
			<sensorSet></sensorSet>
		</numSensor>
		<numSensor ruleid="bigPowerCS5">
			<type>powerW</type>
			<sensorId>BIG_POWER_CS5</sensorId>
			<value>
				<div>
				<op><getOid>.1.3.6.1.4.1.34097.9.80.1.1.53.1.4</getOid></op>
				<op>1000</op>
				</div>
			</value>
			<valueInc>0.001</valueInc>
			<label>Big Power CS5</label>
			<sensorSet></sensorSet>
		</numSensor>
		<numSensor ruleid="bigPowerCS6">
			<type>powerW</type>
			<sensorId>BIG_POWER_CS6</sensorId>
			<value>
				<div>
				<op><getOid>.1.3.6.1.4.1.34097.9.80.1.1.53.1.5</getOid></op>
				<op>1000</op>
				</div>
			</value>
			<valueInc>0.001</valueInc>
			<label>Big Power CS6</label>
			<sensorSet></sensorSet>
		</numSensor>
		<numSensor ruleid="bigPowerCS7">
			<type>powerW</type>
			<sensorId>BIG_POWER_CS7</sensorId>
			<value>
				<div>
				<op><getOid>.1.3.6.1.4.1.34097.9.80.1.1.53.1.6</getOid></op>
				<op>1000</op>
				</div>
			</value>
			<valueInc>0.001</valueInc>
			<label>Big Power CS7</label>
			<sensorSet></sensorSet>
		</numSensor>
		<numSensor ruleid="bigPowerCS8">
			<type>powerW</type>
			<sensorId>BIG_POWER_CS8</sensorId>
			<value>
				<div>
				<op><getOid>.1.3.6.1.4.1.34097.9.80.1.1.53.1.7</getOid></op>
				<op>1000</op>
				</div>
			</value>
			<valueInc>0.001</valueInc>
			<label>Big Power CS8</label>
			<sensorSet></sensorSet>
		</numSensor>
		<numSensor ruleid="bigApparentPowerCS1">
			<type>powerVA</type>
			<sensorId>BIG_APPARENT_POWER_CS1</sensorId>
			<value>
				<div>
				<op><getOid>.1.3.6.1.4.1.34097.9.80.1.1.54.1.0</getOid></op>
				<op>1000</op>
				</div>
			</value>
			<valueInc>0.001</valueInc>
			<label>Big Apparent Power CS1</label>
			<sensorSet></sensorSet>
		</numSensor>
		<numSensor ruleid="bigApparentPowerCS2">
			<type>powerVA</type>
			<sensorId>BIG_APPARENT_POWER_CS2</sensorId>
			<value>
				<div>
				<op><getOid>.1.3.6.1.4.1.34097.9.80.1.1.54.1.1</getOid></op>
				<op>1000</op>
				</div>
			</value>
			<valueInc>0.001</valueInc>
			<label>Big Apparent Power CS2</label>
			<sensorSet></sensorSet>
		</numSensor>
		<numSensor ruleid="bigApparentPowerCS3">
			<type>powerVA</type>
			<sensorId>BIG_APPARENT_POWER_CS3</sensorId>
			<value>
				<div>
				<op><getOid>.1.3.6.1.4.1.34097.9.80.1.1.54.1.2</getOid></op>
				<op>1000</op>
				</div>
			</value>
			<valueInc>0.001</valueInc>
			<label>Big Apparent Power CS3</label>
			<sensorSet></sensorSet>
		</numSensor>
		<numSensor ruleid="bigApparentPowerCS4">
			<type>powerVA</type>
			<sensorId>BIG_APPARENT_POWER_CS4</sensorId>
			<value>
				<div>
				<op><getOid>.1.3.6.1.4.1.34097.9.80.1.1.54.1.3</getOid></op>
				<op>1000</op>
				</div>
			</value>
			<valueInc>0.001</valueInc>
			<label>Big Apparent Power CS4</label>
			<sensorSet></sensorSet>
		</numSensor>
		<numSensor ruleid="bigApparentPowerCS5">
			<type>powerVA</type>
			<sensorId>BIG_APPARENT_POWER_CS5</sensorId>
			<value>
				<div>
				<op><getOid>.1.3.6.1.4.1.34097.9.80.1.1.54.1.4</getOid></op>
				<op>1000</op>
				</div>
			</value>
			<valueInc>0.001</valueInc>
			<label>Big Apparent Power CS5</label>
			<sensorSet></sensorSet>
		</numSensor>
		<numSensor ruleid="bigApparentPowerCS6">
			<type>powerVA</type>
			<sensorId>BIG_APPARENT_POWER_CS6</sensorId>
			<value>
				<div>
				<op><getOid>.1.3.6.1.4.1.34097.9.80.1.1.54.1.5</getOid></op>
				<op>1000</op>
				</div>
			</value>
			<valueInc>0.001</valueInc>
			<label>Big Apparent Power CS6</label>
			<sensorSet></sensorSet>
		</numSensor>
		<numSensor ruleid="bigApparentPowerCS7">
			<type>powerVA</type>
			<sensorId>BIG_APPARENT_POWER_CS7</sensorId>
			<value>
				<div>
				<op><getOid>.1.3.6.1.4.1.34097.9.80.1.1.54.1.6</getOid></op>
				<op>1000</op>
				</div>
			</value>
			<valueInc>0.001</valueInc>
			<label>Big Apparent Power CS7</label>
			<sensorSet></sensorSet>
		</numSensor>
		<numSensor ruleid="bigApparentPowerCS8">
			<type>powerVA</type>
			<sensorId>BIG_APPARENT_POWER_CS8</sensorId>
			<value>
				<div>
				<op><getOid>.1.3.6.1.4.1.34097.9.80.1.1.54.1.7</getOid></op>
				<op>1000</op>
				</div>
			</value>
			<valueInc>0.001</valueInc>
			<label>Big Apparent Power CS8</label>
			<sensorSet></sensorSet>
		</numSensor>
	</device>
</APC_DDF>